<?xml version = '1.0' encoding = 'UTF-8'?>
<Relation class="oracle.dbtools.crest.model.design.logical.Relation" name="Relation_13" directorySegmentName="seg_0" id="4209DBAE-C6E5-9994-1A28-5FAE8FC23C2F">
<createdBy>wdiazc</createdBy>
<createdTime>2025-09-08 02:34:29 UTC</createdTime>
<ownerDesignName>Exp3_S4_Grupo3</ownerDesignName>
<engineerTo>
<item key="D7B808A3-6B8C-7BE1-93DE-5C7EDF34B762" value="true"/>
</engineerTo>
<sourcePk>1E592038-1FEF-EA16-9CFD-F433D5B5BAB0</sourcePk>
<identifying>false</identifying>
<optionalSource>true</optionalSource>
<optionalTarget>false</optionalTarget>
<sourceCardinality>1</sourceCardinality>
<sourceEntity>AA0281E9-1C62-9563-14BC-7F2E023492BE</sourceEntity>
<targetCardinalityString>*</targetCardinalityString>
<targetEntity>D890E29B-8D8C-1F19-85C9-BB3FA503CF9D</targetEntity>
<transferable>true</transferable>
<deleteRule>NO ACTION</deleteRule>
</Relation>