<?xml version = '1.0' encoding = 'UTF-8'?>
<Relation class="oracle.dbtools.crest.model.design.logical.Relation" name="Relation_10" directorySegmentName="seg_0" id="B448CBEB-214B-4838-9613-A67321B547BA">
<createdBy>wdiazc</createdBy>
<createdTime>2025-09-08 01:35:26 UTC</createdTime>
<ownerDesignName>Exp3_S4_Grupo3</ownerDesignName>
<engineerTo>
<item key="D7B808A3-6B8C-7BE1-93DE-5C7EDF34B762" value="true"/>
</engineerTo>
<sourcePk>925ED54F-7679-882E-F3DB-99B5E70A4DCB</sourcePk>
<identifying>true</identifying>
<optionalSource>true</optionalSource>
<optionalTarget>false</optionalTarget>
<sourceCardinality>1</sourceCardinality>
<sourceEntity>D890E29B-8D8C-1F19-85C9-BB3FA503CF9D</sourceEntity>
<targetCardinalityString>*</targetCardinalityString>
<targetEntity>8EF8C86A-DDCB-6821-6073-BF5D3A1D69F8</targetEntity>
<transferable>true</transferable>
<deleteRule>NO ACTION</deleteRule>
</Relation>