<?xml version = '1.0' encoding = 'UTF-8'?>
<Relation class="oracle.dbtools.crest.model.design.logical.Relation" name="Relation_3" directorySegmentName="seg_0" id="DB95B80F-D584-590F-8EF3-BD4A5879E26A">
<createdBy>svasquez</createdBy>
<createdTime>2025-09-05 00:42:00 UTC</createdTime>
<ownerDesignName>Exp3_S4_Grupo3</ownerDesignName>
<engineerTo>
<item key="D7B808A3-6B8C-7BE1-93DE-5C7EDF34B762" value="true"/>
</engineerTo>
<sourcePk>A3604C94-23D0-17D4-0332-5AEDBA5672F5</sourcePk>
<identifying>true</identifying>
<optionalSource>false</optionalSource>
<optionalTarget>false</optionalTarget>
<sourceCardinality>1</sourceCardinality>
<sourceEntity>02BF0A07-3D19-C647-B43D-9BFF1516F74E</sourceEntity>
<targetCardinalityString>*</targetCardinalityString>
<targetEntity>AA0281E9-1C62-9563-14BC-7F2E023492BE</targetEntity>
<transferable>true</transferable>
<deleteRule>NO ACTION</deleteRule>
</Relation>