<?xml version = '1.0' encoding = 'UTF-8'?>
<Relation class="oracle.dbtools.crest.model.design.logical.Relation" name="Relation_11" directorySegmentName="seg_0" id="E0ED4E9A-75E9-04E0-2950-EA4659766814">
<createdBy>wdiazc</createdBy>
<createdTime>2025-09-08 02:20:59 UTC</createdTime>
<ownerDesignName>Exp3_S4_Grupo3</ownerDesignName>
<engineerTo>
<item key="D7B808A3-6B8C-7BE1-93DE-5C7EDF34B762" value="true"/>
</engineerTo>
<sourcePk>925ED54F-7679-882E-F3DB-99B5E70A4DCB</sourcePk>
<identifying>false</identifying>
<optionalSource>false</optionalSource>
<optionalTarget>false</optionalTarget>
<sourceCardinality>1</sourceCardinality>
<sourceEntity>D890E29B-8D8C-1F19-85C9-BB3FA503CF9D</sourceEntity>
<targetCardinalityString>*</targetCardinalityString>
<targetEntity>8A5F41E3-3C53-D5FF-AAC0-DE0EA03DA373</targetEntity>
<transferable>true</transferable>
<deleteRule>NO ACTION</deleteRule>
</Relation>