<?xml version = '1.0' encoding = 'UTF-8'?>
<Relation class="oracle.dbtools.crest.model.design.logical.Relation" name="Relation_12" directorySegmentName="seg_0" id="E6CED3EB-E629-F3EF-14FC-A3C57A0AE087">
<createdBy>wdiazc</createdBy>
<createdTime>2025-09-08 02:21:12 UTC</createdTime>
<ownerDesignName>Exp3_S4_Grupo3</ownerDesignName>
<engineerTo>
<item key="D7B808A3-6B8C-7BE1-93DE-5C7EDF34B762" value="true"/>
</engineerTo>
<sourcePk>AFD4A5C4-1C7E-1B77-53BD-574999F5F433</sourcePk>
<identifying>false</identifying>
<optionalSource>false</optionalSource>
<optionalTarget>false</optionalTarget>
<sourceCardinality>1</sourceCardinality>
<sourceEntity>DE1EEEB2-6A16-066F-65E6-12DA669BCEEC</sourceEntity>
<targetCardinalityString>*</targetCardinalityString>
<targetEntity>8A5F41E3-3C53-D5FF-AAC0-DE0EA03DA373</targetEntity>
<transferable>true</transferable>
<deleteRule>NO ACTION</deleteRule>
</Relation>