<?xml version = '1.0' encoding = 'UTF-8'?>
<relationalModel class="oracle.dbtools.crest.model.design.relational.RelationalDesign" name="Relational_1" id="D7B808A3-6B8C-7BE1-93DE-5C7EDF34B762" mainViewID="D8EFE89F-F8FE-052A-8EBE-4F205C6C89EE">
<createdBy>svasquez</createdBy>
<createdTime>2025-09-03 22:25:03 UTC</createdTime>
<ownerDesignName>Formativa 4</ownerDesignName>
<shouldBeOpen>true</shouldBeOpen>
<selectedRDBMSSite>32076570-2523-435C-2E92-BF29817DFF70</selectedRDBMSSite>
</relationalModel>