<?xml version = '1.0' encoding = 'UTF-8'?>
<Diagram class="oracle.dbtools.crest.swingui.logical.DPVLogical" name="Logical" id="007BB5AB-E484-B6C4-B457-A983BF2F5D42">
<createdBy>svasquez</createdBy>
<modifiedBy>svasquez</modifiedBy>
<createdTime>2025-09-03 22:25:42 UTC</createdTime>
<autoRoute>false</autoRoute>
<boxInbox>true</boxInbox>
<showLegend>false</showLegend>
<showLabels>false</showLabels>
<showRelAttributes>true</showRelAttributes>
<gridEnabled>false</gridEnabled>
<showGrid>false</showGrid>
<diagramColor>-1</diagramColor>
<display>false</display>
<notation>1</notation>
<objectViews>
<OView class="oracle.dbtools.crest.swingui.logical.TVEntity" oid="02BF0A07-3D19-C647-B43D-9BFF1516F74E" otype="Entity" vid="85E9FD5F-67CA-D683-873C-2C9C9931C8E9">
<hideElementsInCurrentOnly>false</hideElementsInCurrentOnly>
<bounds x="380" y="504" width="251" height="112"/>
</OView>
<OView class="oracle.dbtools.crest.swingui.logical.TVEntity" oid="8A5F41E3-3C53-D5FF-AAC0-DE0EA03DA373" otype="Entity" vid="9B658798-9BA0-B9AA-C86A-449CC1D05C28">
<hideElementsInCurrentOnly>false</hideElementsInCurrentOnly>
<bounds x="381" y="279" width="297" height="199"/>
</OView>
<OView class="oracle.dbtools.crest.swingui.logical.TVEntity" oid="8EF8C86A-DDCB-6821-6073-BF5D3A1D69F8" otype="Entity" vid="DCDD7CE0-8BDD-9C06-E4AF-966B0F9DD65A">
<hideElementsInCurrentOnly>false</hideElementsInCurrentOnly>
<bounds x="27" y="341" width="249" height="132"/>
</OView>
<OView class="oracle.dbtools.crest.swingui.logical.TVEntity" oid="AA0281E9-1C62-9563-14BC-7F2E023492BE" otype="Entity" vid="FD3D6D1B-23B5-8DAF-37FD-6265A2BDCCC6">
<hideElementsInCurrentOnly>false</hideElementsInCurrentOnly>
<bounds x="40" y="514" width="226" height="104"/>
</OView>
<OView class="oracle.dbtools.crest.swingui.logical.TVEntity" oid="D890E29B-8D8C-1F19-85C9-BB3FA503CF9D" otype="Entity" vid="EEB131E8-616A-4B1B-80D6-83B48286C5C0">
<hideElementsInCurrentOnly>false</hideElementsInCurrentOnly>
<bounds x="35" y="24" width="229" height="253"/>
</OView>
<OView class="oracle.dbtools.crest.swingui.logical.TVEntity" oid="DE1EEEB2-6A16-066F-65E6-12DA669BCEEC" otype="Entity" vid="F337FCFC-19CE-FD45-DB7B-3CCD9F619380">
<hideElementsInCurrentOnly>false</hideElementsInCurrentOnly>
<bounds x="371" y="18" width="253" height="139"/>
</OView>
</objectViews>
<connectors>
<Connector class="oracle.dbtools.crest.swingui.logical.TVRelation" oid="4209DBAE-C6E5-9994-1A28-5FAE8FC23C2F" otype="Relation" vid_source="FD3D6D1B-23B5-8DAF-37FD-6265A2BDCCC6" vid_target="EEB131E8-616A-4B1B-80D6-83B48286C5C0">
<hideElementsInCurrentOnly>false</hideElementsInCurrentOnly>
<backgroundColor>-16777216</backgroundColor>
<lineWidth>1</lineWidth>
<points>
<point x="137" y="514"/>
<point x="137" y="277"/>
</points>
</Connector>
<Connector class="oracle.dbtools.crest.swingui.logical.TVRelation" oid="B448CBEB-214B-4838-9613-A67321B547BA" otype="Relation" vid_source="EEB131E8-616A-4B1B-80D6-83B48286C5C0" vid_target="DCDD7CE0-8BDD-9C06-E4AF-966B0F9DD65A">
<hideElementsInCurrentOnly>false</hideElementsInCurrentOnly>
<backgroundColor>-16777216</backgroundColor>
<lineWidth>1</lineWidth>
<points>
<point x="149" y="277"/>
<point x="149" y="341"/>
</points>
</Connector>
<Connector class="oracle.dbtools.crest.swingui.logical.TVRelation" oid="DB95B80F-D584-590F-8EF3-BD4A5879E26A" otype="Relation" vid_source="85E9FD5F-67CA-D683-873C-2C9C9931C8E9" vid_target="FD3D6D1B-23B5-8DAF-37FD-6265A2BDCCC6">
<hideElementsInCurrentOnly>false</hideElementsInCurrentOnly>
<backgroundColor>-16777216</backgroundColor>
<lineWidth>1</lineWidth>
<points>
<point x="380" y="565"/>
<point x="266" y="565"/>
</points>
</Connector>
<Connector class="oracle.dbtools.crest.swingui.logical.TVRelation" oid="E0ED4E9A-75E9-04E0-2950-EA4659766814" otype="Relation" vid_source="EEB131E8-616A-4B1B-80D6-83B48286C5C0" vid_target="9B658798-9BA0-B9AA-C86A-449CC1D05C28">
<hideElementsInCurrentOnly>false</hideElementsInCurrentOnly>
<backgroundColor>-16777216</backgroundColor>
<lineWidth>1</lineWidth>
<points>
<point x="264" y="219"/>
<point x="381" y="289"/>
</points>
</Connector>
<Connector class="oracle.dbtools.crest.swingui.logical.TVRelation" oid="E6CED3EB-E629-F3EF-14FC-A3C57A0AE087" otype="Relation" vid_source="F337FCFC-19CE-FD45-DB7B-3CCD9F619380" vid_target="9B658798-9BA0-B9AA-C86A-449CC1D05C28">
<hideElementsInCurrentOnly>false</hideElementsInCurrentOnly>
<backgroundColor>-16777216</backgroundColor>
<lineWidth>1</lineWidth>
<points>
<point x="517" y="157"/>
<point x="517" y="279"/>
</points>
</Connector>
</connectors>
</Diagram>