<?xml version = '1.0' encoding = 'UTF-8'?>
<Entity class="oracle.dbtools.crest.model.design.logical.Entity" directorySegmentName="seg_0" id="02BF0A07-3D19-C647-B43D-9BFF1516F74E" name="REGION">
<createdBy>svasquez</createdBy>
<createdTime>2025-09-04 00:00:52 UTC</createdTime>
<ownerDesignName>Exp3_S4_Grupo3</ownerDesignName>
<engineerTo>
<item key="D7B808A3-6B8C-7BE1-93DE-5C7EDF34B762" value="true"/>
</engineerTo>
<adequatelyNormalized>NO</adequatelyNormalized>
<expectedVolumes>0</expectedVolumes>
<fwdEngineeringStrategyName>Single Table</fwdEngineeringStrategyName>
<growthPercent>0</growthPercent>
<growthType>Year</growthType>
<maxVolumes>9999999</maxVolumes>
<minVolumes>0</minVolumes>
<normalForm>Third</normalForm>
<attributes itemClass="oracle.dbtools.crest.model.design.logical.Attribute">
<Attribute name="id_region" id="47764BAD-968E-1F0F-A9E7-AB59842AC488">
<createdBy>svasquez</createdBy>
<createdTime>2025-09-04 00:01:05 UTC</createdTime>
<ownerDesignName>Exp3_S4_Grupo3</ownerDesignName>
<engineerTo>
<item key="D7B808A3-6B8C-7BE1-93DE-5C7EDF34B762" value="true"/>
</engineerTo>
<useDomainConstraints>false</useDomainConstraints>
<use>1</use>
<logicalDatatype>LOGDT019</logicalDatatype>
<dataTypePrecision>2</dataTypePrecision>
<ownDataTypeParameters>,2,</ownDataTypeParameters>
</Attribute>
<Attribute name="nombre_region" id="A8D4EA0B-CD5A-EEE7-8184-B77CDC8CAE6C">
<createdBy>svasquez</createdBy>
<createdTime>2025-09-04 00:01:27 UTC</createdTime>
<ownerDesignName>Exp3_S4_Grupo3</ownerDesignName>
<engineerTo>
<item key="D7B808A3-6B8C-7BE1-93DE-5C7EDF34B762" value="true"/>
</engineerTo>
<useDomainConstraints>false</useDomainConstraints>
<use>1</use>
<logicalDatatype>LOGDT024</logicalDatatype>
<dataTypeSize>50</dataTypeSize>
<ownDataTypeParameters>50,,</ownDataTypeParameters>
</Attribute>
</attributes>
<identifiers itemClass="oracle.dbtools.crest.model.design.logical.CandidateKey">
<identifier id="A3604C94-23D0-17D4-0332-5AEDBA5672F5" name="REGION PK">
<createdBy>svasquez</createdBy>
<createdTime>2025-09-04 00:01:24 UTC</createdTime>
<ownerDesignName>Exp3_S4_Grupo3</ownerDesignName>
<engineerTo>
<item key="D7B808A3-6B8C-7BE1-93DE-5C7EDF34B762" value="true"/>
</engineerTo>
<pk>true</pk>
<usedAttributes>
<attributeRef>47764BAD-968E-1F0F-A9E7-AB59842AC488</attributeRef>
</usedAttributes>
</identifier>
</identifiers>
</Entity>