<?xml version = '1.0' encoding = 'UTF-8'?>
<Entity class="oracle.dbtools.crest.model.design.logical.Entity" directorySegmentName="seg_0" id="8A5F41E3-3C53-D5FF-AAC0-DE0EA03DA373" name="POSTULACION">
<createdBy>wdiazc</createdBy>
<createdTime>2025-09-08 00:19:49 UTC</createdTime>
<ownerDesignName>Exp3_S4_Grupo3</ownerDesignName>
<engineerTo>
<item key="D7B808A3-6B8C-7BE1-93DE-5C7EDF34B762" value="true"/>
</engineerTo>
<adequatelyNormalized>NO</adequatelyNormalized>
<expectedVolumes>0</expectedVolumes>
<fwdEngineeringStrategyName>Single Table</fwdEngineeringStrategyName>
<growthPercent>0</growthPercent>
<growthType>Year</growthType>
<maxVolumes>9999999</maxVolumes>
<minVolumes>0</minVolumes>
<normalForm>Third</normalForm>
<attributes itemClass="oracle.dbtools.crest.model.design.logical.Attribute">
<Attribute name="folio" id="52B0E614-1F8A-6F06-E289-70D3016E50CA">
<createdBy>wdiazc</createdBy>
<createdTime>2025-09-08 00:19:49 UTC</createdTime>
<ownerDesignName>Exp3_S4_Grupo3</ownerDesignName>
<importedID>A24F0ABB-ED36-6D37-412C-DD459EAF9F16</importedID>
<engineerTo>
<item key="D7B808A3-6B8C-7BE1-93DE-5C7EDF34B762" value="true"/>
</engineerTo>
<useDomainConstraints>false</useDomainConstraints>
<use>1</use>
<logicalDatatype>LOGDT024</logicalDatatype>
<ownDataTypeParameters>,,</ownDataTypeParameters>
</Attribute>
<Attribute name="fecha_postulacion" id="1C1156C2-FCBD-EFC7-03C7-C4DAAF3B1437">
<createdBy>wdiazc</createdBy>
<createdTime>2025-09-08 00:19:49 UTC</createdTime>
<ownerDesignName>Exp3_S4_Grupo3</ownerDesignName>
<importedID>1B0F4E7C-E63D-B674-9484-4DFA6ABCF8BE</importedID>
<engineerTo>
<item key="D7B808A3-6B8C-7BE1-93DE-5C7EDF34B762" value="true"/>
</engineerTo>
<useDomainConstraints>false</useDomainConstraints>
<use>1</use>
<logicalDatatype>LOGDT007</logicalDatatype>
<ownDataTypeParameters>,,</ownDataTypeParameters>
</Attribute>
<Attribute name="pretension_renta_clp" id="9E171566-8D6B-9668-9240-B4B94DF1EC30">
<createdBy>wdiazc</createdBy>
<createdTime>2025-09-08 00:19:49 UTC</createdTime>
<ownerDesignName>Exp3_S4_Grupo3</ownerDesignName>
<importedID>3FD41B83-2A75-3633-1277-21B7B0CCB72F</importedID>
<engineerTo>
<item key="D7B808A3-6B8C-7BE1-93DE-5C7EDF34B762" value="true"/>
</engineerTo>
<useDomainConstraints>false</useDomainConstraints>
<use>1</use>
<logicalDatatype>LOGDT019</logicalDatatype>
<ownDataTypeParameters>,,</ownDataTypeParameters>
</Attribute>
<Attribute name="fecha_visa" id="917B8F91-37ED-2FE9-EF8D-45DA9C7F27EE">
<createdBy>wdiazc</createdBy>
<createdTime>2025-09-08 00:19:49 UTC</createdTime>
<ownerDesignName>Exp3_S4_Grupo3</ownerDesignName>
<importedID>A8A5C3D5-43F8-7DDE-5DF5-72C21C5F4B88</importedID>
<engineerTo>
<item key="D7B808A3-6B8C-7BE1-93DE-5C7EDF34B762" value="true"/>
</engineerTo>
<useDomainConstraints>false</useDomainConstraints>
<use>1</use>
<logicalDatatype>LOGDT007</logicalDatatype>
<ownDataTypeParameters>,,</ownDataTypeParameters>
</Attribute>
<Attribute name="id_visa" id="61537325-4563-A9A1-E7DA-040A382415D6">
<createdBy>wdiazc</createdBy>
<createdTime>2025-09-08 00:19:49 UTC</createdTime>
<ownerDesignName>Exp3_S4_Grupo3</ownerDesignName>
<importedID>886556E2-DF07-D61E-048C-92A4A33A3CAC</importedID>
<engineerTo>
<item key="D7B808A3-6B8C-7BE1-93DE-5C7EDF34B762" value="true"/>
</engineerTo>
<useDomainConstraints>false</useDomainConstraints>
<use>1</use>
<logicalDatatype>LOGDT024</logicalDatatype>
<dataTypeSize>13</dataTypeSize>
<ownDataTypeParameters>13,,</ownDataTypeParameters>
</Attribute>
<Attribute name="nivel_idioma" id="35E50A3F-649F-4196-160E-E09CDB5C2968">
<createdBy>wdiazc</createdBy>
<createdTime>2025-09-08 00:19:49 UTC</createdTime>
<ownerDesignName>Exp3_S4_Grupo3</ownerDesignName>
<importedID>C1BA9DDD-0DDC-E868-DD7A-0B70EDBDF45A</importedID>
<engineerTo>
<item key="D7B808A3-6B8C-7BE1-93DE-5C7EDF34B762" value="true"/>
</engineerTo>
<useDomainConstraints>false</useDomainConstraints>
<use>1</use>
<logicalDatatype>LOGDT024</logicalDatatype>
<ownDataTypeParameters>,,</ownDataTypeParameters>
</Attribute>
<Attribute name="id_postulante" id="D6A6A38A-AF63-AFC3-B9A0-00057436562A">
<createdBy>wdiazc</createdBy>
<createdTime>2025-09-08 02:20:59 UTC</createdTime>
<generatorID>E0ED4E9A-75E9-04E0-2950-EA4659766814</generatorID>
<ownerDesignName>Exp3_S4_Grupo3</ownerDesignName>
<engineerTo>
<item key="D7B808A3-6B8C-7BE1-93DE-5C7EDF34B762" value="true"/>
</engineerTo>
<referedAttribute>CD808002-F673-AF3B-53C9-F79AE130DCE2</referedAttribute>
<useDomainConstraints>false</useDomainConstraints>
<use>1</use>
<logicalDatatype>LOGDT024</logicalDatatype>
<ownDataTypeParameters>,,</ownDataTypeParameters>
</Attribute>
<Attribute name="codigo_empresa" id="29204F98-C6E8-9C23-FEA7-525BDE0C1423">
<createdBy>wdiazc</createdBy>
<createdTime>2025-09-08 02:21:12 UTC</createdTime>
<generatorID>E6CED3EB-E629-F3EF-14FC-A3C57A0AE087</generatorID>
<ownerDesignName>Exp3_S4_Grupo3</ownerDesignName>
<engineerTo>
<item key="D7B808A3-6B8C-7BE1-93DE-5C7EDF34B762" value="true"/>
</engineerTo>
<referedAttribute>42C7118A-916F-7267-3E1A-62026050EC4B</referedAttribute>
<useDomainConstraints>false</useDomainConstraints>
<use>1</use>
<logicalDatatype>LOGDT024</logicalDatatype>
<ownDataTypeParameters>,,</ownDataTypeParameters>
</Attribute>
</attributes>
<identifiers itemClass="oracle.dbtools.crest.model.design.logical.CandidateKey">
<identifier id="3A6E6DB2-EB7C-A50E-315F-CFD407D0FC60" name="Postulacion PK">
<createdBy>wdiazc</createdBy>
<createdTime>2025-09-08 00:19:49 UTC</createdTime>
<ownerDesignName>Exp3_S4_Grupo3</ownerDesignName>
<engineerTo>
<item key="D7B808A3-6B8C-7BE1-93DE-5C7EDF34B762" value="true"/>
</engineerTo>
<pk>true</pk>
<newElementsIDs>52B0E614-1F8A-6F06-E289-70D3016E50CA</newElementsIDs>
<usedAttributes>
<attributeRef>52B0E614-1F8A-6F06-E289-70D3016E50CA</attributeRef>
</usedAttributes>
</identifier>
<identifier id="84ED5497-B022-8048-52D9-2109AB64FD5D" name="UK_Postulacion_id_postulante">
<createdBy>wdiazc</createdBy>
<createdTime>2025-09-08 15:01:08 UTC</createdTime>
<ownerDesignName>Exp3_S4_Grupo3</ownerDesignName>
<engineerTo>
<item key="D7B808A3-6B8C-7BE1-93DE-5C7EDF34B762" value="true"/>
</engineerTo>
<newElementsIDs>D6A6A38A-AF63-AFC3-B9A0-00057436562A</newElementsIDs>
<usedAttributes>
<attributeRef>D6A6A38A-AF63-AFC3-B9A0-00057436562A</attributeRef>
</usedAttributes>
</identifier>
</identifiers>
</Entity>