<?xml version = '1.0' encoding = 'UTF-8'?>
<Entity class="oracle.dbtools.crest.model.design.logical.Entity" directorySegmentName="seg_0" id="8EF8C86A-DDCB-6821-6073-BF5D3A1D69F8" name="PROFESION">
<createdBy>svasquez</createdBy>
<createdTime>2025-09-03 22:57:52 UTC</createdTime>
<ownerDesignName>Exp3_S4_Grupo3</ownerDesignName>
<engineerTo>
<item key="D7B808A3-6B8C-7BE1-93DE-5C7EDF34B762" value="true"/>
</engineerTo>
<adequatelyNormalized>NO</adequatelyNormalized>
<expectedVolumes>0</expectedVolumes>
<fwdEngineeringStrategyName>Single Table</fwdEngineeringStrategyName>
<growthPercent>0</growthPercent>
<growthType>Year</growthType>
<maxVolumes>9999999</maxVolumes>
<minVolumes>0</minVolumes>
<normalForm>Third</normalForm>
<attributes itemClass="oracle.dbtools.crest.model.design.logical.Attribute">
<Attribute name="id_profesion" id="C391F003-F139-15A8-93F3-4865843DB551">
<createdBy>svasquez</createdBy>
<createdTime>2025-09-03 22:59:21 UTC</createdTime>
<ownerDesignName>Exp3_S4_Grupo3</ownerDesignName>
<engineerTo>
<item key="D7B808A3-6B8C-7BE1-93DE-5C7EDF34B762" value="true"/>
</engineerTo>
<useDomainConstraints>false</useDomainConstraints>
<use>1</use>
<logicalDatatype>LOGDT019</logicalDatatype>
<dataTypePrecision>3</dataTypePrecision>
<ownDataTypeParameters>,3,</ownDataTypeParameters>
</Attribute>
<Attribute name="nombe_profesion" id="76E7AC51-6559-50FD-3034-52CD001500CC">
<createdBy>svasquez</createdBy>
<createdTime>2025-09-03 23:01:40 UTC</createdTime>
<ownerDesignName>Exp3_S4_Grupo3</ownerDesignName>
<engineerTo>
<item key="D7B808A3-6B8C-7BE1-93DE-5C7EDF34B762" value="true"/>
</engineerTo>
<useDomainConstraints>false</useDomainConstraints>
<use>1</use>
<logicalDatatype>LOGDT024</logicalDatatype>
<dataTypeSize>100</dataTypeSize>
<ownDataTypeParameters>100,,</ownDataTypeParameters>
</Attribute>
<Attribute name="fecha_Obtencion" id="F26F95B4-DA4A-C0A1-BA21-799F2C7ECB71">
<createdBy>wdiazc</createdBy>
<createdTime>2025-09-08 01:29:28 UTC</createdTime>
<ownerDesignName>Exp3_S4_Grupo3</ownerDesignName>
<engineerTo>
<item key="D7B808A3-6B8C-7BE1-93DE-5C7EDF34B762" value="true"/>
</engineerTo>
<useDomainConstraints>false</useDomainConstraints>
<use>1</use>
<logicalDatatype>LOGDT007</logicalDatatype>
<ownDataTypeParameters>,,</ownDataTypeParameters>
</Attribute>
<Attribute name="id_postulante" id="1E852607-8BD4-0EE8-3DF7-5555DCB89650">
<createdBy>wdiazc</createdBy>
<createdTime>2025-09-08 01:35:26 UTC</createdTime>
<generatorID>B448CBEB-214B-4838-9613-A67321B547BA</generatorID>
<ownerDesignName>Exp3_S4_Grupo3</ownerDesignName>
<engineerTo>
<item key="D7B808A3-6B8C-7BE1-93DE-5C7EDF34B762" value="true"/>
</engineerTo>
<referedAttribute>CD808002-F673-AF3B-53C9-F79AE130DCE2</referedAttribute>
<useDomainConstraints>false</useDomainConstraints>
<use>1</use>
<logicalDatatype>LOGDT024</logicalDatatype>
<ownDataTypeParameters>,,</ownDataTypeParameters>
</Attribute>
</attributes>
<identifiers itemClass="oracle.dbtools.crest.model.design.logical.CandidateKey">
<identifier id="4512BB57-1562-2C42-8EA7-5E51FAFC8C66" name="PROFESION PK">
<createdBy>svasquez</createdBy>
<createdTime>2025-09-03 23:05:18 UTC</createdTime>
<ownerDesignName>Exp3_S4_Grupo3</ownerDesignName>
<engineerTo>
<item key="D7B808A3-6B8C-7BE1-93DE-5C7EDF34B762" value="true"/>
</engineerTo>
<pk>true</pk>
<usedAttributes>
<attributeRef>C391F003-F139-15A8-93F3-4865843DB551</attributeRef>
<attributeRef>1E852607-8BD4-0EE8-3DF7-5555DCB89650</attributeRef>
</usedAttributes>
</identifier>
<identifier id="5B8A046F-3105-98D9-3E82-9D72360C3CDE" name="Uni_nombreprofesion">
<createdBy>svasquez</createdBy>
<createdTime>2025-09-03 23:05:44 UTC</createdTime>
<ownerDesignName>Exp3_S4_Grupo3</ownerDesignName>
<engineerTo>
<item key="D7B808A3-6B8C-7BE1-93DE-5C7EDF34B762" value="true"/>
</engineerTo>
<newElementsIDs>76E7AC51-6559-50FD-3034-52CD001500CC</newElementsIDs>
<usedAttributes>
<attributeRef>76E7AC51-6559-50FD-3034-52CD001500CC</attributeRef>
</usedAttributes>
</identifier>
</identifiers>
</Entity>