<?xml version = '1.0' encoding = 'UTF-8'?>
<Entity class="oracle.dbtools.crest.model.design.logical.Entity" directorySegmentName="seg_0" id="AA0281E9-1C62-9563-14BC-7F2E023492BE" name="COMUNA">
<createdBy>svasquez</createdBy>
<createdTime>2025-09-03 23:56:22 UTC</createdTime>
<ownerDesignName>Exp3_S4_Grupo3</ownerDesignName>
<engineerTo>
<item key="D7B808A3-6B8C-7BE1-93DE-5C7EDF34B762" value="true"/>
</engineerTo>
<adequatelyNormalized>NO</adequatelyNormalized>
<expectedVolumes>0</expectedVolumes>
<fwdEngineeringStrategyName>Single Table</fwdEngineeringStrategyName>
<growthPercent>0</growthPercent>
<growthType>Year</growthType>
<maxVolumes>9999999</maxVolumes>
<minVolumes>0</minVolumes>
<normalForm>Third</normalForm>
<attributes itemClass="oracle.dbtools.crest.model.design.logical.Attribute">
<Attribute name="id_comuna" id="5F33A28F-DE24-CAE7-037B-1D01BC79C110">
<createdBy>svasquez</createdBy>
<createdTime>2025-09-03 23:56:31 UTC</createdTime>
<ownerDesignName>Exp3_S4_Grupo3</ownerDesignName>
<engineerTo>
<item key="D7B808A3-6B8C-7BE1-93DE-5C7EDF34B762" value="true"/>
</engineerTo>
<useDomainConstraints>false</useDomainConstraints>
<use>1</use>
<logicalDatatype>LOGDT019</logicalDatatype>
<dataTypePrecision>5</dataTypePrecision>
<ownDataTypeParameters>,5,</ownDataTypeParameters>
</Attribute>
<Attribute name="nombre_comuna" id="AF783E54-D099-35B6-C2B9-A2C10171020F">
<createdBy>svasquez</createdBy>
<createdTime>2025-09-04 00:00:20 UTC</createdTime>
<ownerDesignName>Exp3_S4_Grupo3</ownerDesignName>
<engineerTo>
<item key="D7B808A3-6B8C-7BE1-93DE-5C7EDF34B762" value="true"/>
</engineerTo>
<useDomainConstraints>false</useDomainConstraints>
<use>1</use>
<logicalDatatype>LOGDT024</logicalDatatype>
<dataTypeSize>50</dataTypeSize>
<ownDataTypeParameters>50,,</ownDataTypeParameters>
</Attribute>
<Attribute name="id_region" id="2A78E0F4-3375-A111-5D6D-126F1BEEC5E0">
<createdBy>svasquez</createdBy>
<createdTime>2025-09-05 00:42:00 UTC</createdTime>
<generatorID>DB95B80F-D584-590F-8EF3-BD4A5879E26A</generatorID>
<ownerDesignName>Exp3_S4_Grupo3</ownerDesignName>
<engineerTo>
<item key="D7B808A3-6B8C-7BE1-93DE-5C7EDF34B762" value="true"/>
</engineerTo>
<referedAttribute>47764BAD-968E-1F0F-A9E7-AB59842AC488</referedAttribute>
<useDomainConstraints>false</useDomainConstraints>
<use>1</use>
<logicalDatatype>LOGDT019</logicalDatatype>
<dataTypePrecision>2</dataTypePrecision>
<ownDataTypeParameters>,2,</ownDataTypeParameters>
</Attribute>
</attributes>
<identifiers itemClass="oracle.dbtools.crest.model.design.logical.CandidateKey">
<identifier id="1E592038-1FEF-EA16-9CFD-F433D5B5BAB0" name="COMUNA PK">
<createdBy>svasquez</createdBy>
<createdTime>2025-09-04 00:00:15 UTC</createdTime>
<ownerDesignName>Exp3_S4_Grupo3</ownerDesignName>
<engineerTo>
<item key="D7B808A3-6B8C-7BE1-93DE-5C7EDF34B762" value="true"/>
</engineerTo>
<pk>true</pk>
<newElementsIDs>5F33A28F-DE24-CAE7-037B-1D01BC79C110</newElementsIDs>
<usedAttributes>
<attributeRef>5F33A28F-DE24-CAE7-037B-1D01BC79C110</attributeRef>
</usedAttributes>
</identifier>
</identifiers>
</Entity>