<?xml version = '1.0' encoding = 'UTF-8'?>
<Entity class="oracle.dbtools.crest.model.design.logical.Entity" directorySegmentName="seg_0" id="D890E29B-8D8C-1F19-85C9-BB3FA503CF9D" name="POSTULANTE">
<createdBy>wdiazc</createdBy>
<createdTime>2025-09-08 00:06:48 UTC</createdTime>
<ownerDesignName>Exp3_S4_Grupo3</ownerDesignName>
<engineerTo>
<item key="D7B808A3-6B8C-7BE1-93DE-5C7EDF34B762" value="true"/>
</engineerTo>
<adequatelyNormalized>NO</adequatelyNormalized>
<expectedVolumes>0</expectedVolumes>
<fwdEngineeringStrategyName>Single Table</fwdEngineeringStrategyName>
<growthPercent>0</growthPercent>
<growthType>Year</growthType>
<maxVolumes>9999999</maxVolumes>
<minVolumes>0</minVolumes>
<normalForm>Third</normalForm>
<attributes itemClass="oracle.dbtools.crest.model.design.logical.Attribute">
<Attribute name="id_postulante" id="CD808002-F673-AF3B-53C9-F79AE130DCE2">
<createdBy>wdiazc</createdBy>
<createdTime>2025-09-08 00:06:48 UTC</createdTime>
<ownerDesignName>Exp3_S4_Grupo3</ownerDesignName>
<importedID>1472EEC9-466C-D86F-69FD-421EB7495A13</importedID>
<engineerTo>
<item key="D7B808A3-6B8C-7BE1-93DE-5C7EDF34B762" value="true"/>
</engineerTo>
<useDomainConstraints>false</useDomainConstraints>
<use>1</use>
<logicalDatatype>LOGDT024</logicalDatatype>
<ownDataTypeParameters>,,</ownDataTypeParameters>
</Attribute>
<Attribute name="nombre_completo" id="455964B5-BE3F-19F3-8B24-8BE8653E7366">
<createdBy>wdiazc</createdBy>
<createdTime>2025-09-08 00:06:48 UTC</createdTime>
<ownerDesignName>Exp3_S4_Grupo3</ownerDesignName>
<importedID>AE1ABD07-AB62-C577-6A2B-D07E076DCF48</importedID>
<engineerTo>
<item key="D7B808A3-6B8C-7BE1-93DE-5C7EDF34B762" value="true"/>
</engineerTo>
<useDomainConstraints>false</useDomainConstraints>
<use>1</use>
<logicalDatatype>LOGDT024</logicalDatatype>
<ownDataTypeParameters>,,</ownDataTypeParameters>
</Attribute>
<Attribute name="nacionalidad" id="77AE59FE-74A7-88F1-B500-5CB3500C533B">
<createdBy>wdiazc</createdBy>
<createdTime>2025-09-08 00:06:48 UTC</createdTime>
<ownerDesignName>Exp3_S4_Grupo3</ownerDesignName>
<importedID>52DF01BF-F4F7-83A9-1061-D1271B88BE8E</importedID>
<engineerTo>
<item key="D7B808A3-6B8C-7BE1-93DE-5C7EDF34B762" value="true"/>
</engineerTo>
<useDomainConstraints>false</useDomainConstraints>
<use>1</use>
<logicalDatatype>LOGDT024</logicalDatatype>
<ownDataTypeParameters>,,</ownDataTypeParameters>
</Attribute>
<Attribute name="pais_residencia" id="63B5A03A-B6EB-C148-F78E-51577FF1F103">
<createdBy>wdiazc</createdBy>
<createdTime>2025-09-08 00:06:48 UTC</createdTime>
<ownerDesignName>Exp3_S4_Grupo3</ownerDesignName>
<importedID>00F8466F-6C0B-4CA6-E16F-E8083A9FB292</importedID>
<engineerTo>
<item key="D7B808A3-6B8C-7BE1-93DE-5C7EDF34B762" value="true"/>
</engineerTo>
<useDomainConstraints>false</useDomainConstraints>
<use>1</use>
<logicalDatatype>LOGDT024</logicalDatatype>
<ownDataTypeParameters>,,</ownDataTypeParameters>
</Attribute>
<Attribute name="direccion_ciudad" id="12266CD4-A48C-6288-9B6D-23335741C349">
<createdBy>wdiazc</createdBy>
<createdTime>2025-09-08 00:06:48 UTC</createdTime>
<ownerDesignName>Exp3_S4_Grupo3</ownerDesignName>
<importedID>BD7AC914-A750-9D22-FC91-DD099C774489</importedID>
<engineerTo>
<item key="D7B808A3-6B8C-7BE1-93DE-5C7EDF34B762" value="true"/>
</engineerTo>
<useDomainConstraints>false</useDomainConstraints>
<use>1</use>
<logicalDatatype>LOGDT024</logicalDatatype>
<ownDataTypeParameters>,,</ownDataTypeParameters>
</Attribute>
<Attribute name="email" id="AE34E414-D915-7F46-B051-AFAE6668582D">
<createdBy>wdiazc</createdBy>
<createdTime>2025-09-08 00:06:48 UTC</createdTime>
<ownerDesignName>Exp3_S4_Grupo3</ownerDesignName>
<importedID>22DDC14A-8080-F183-F257-3A1F1E23AA6D</importedID>
<engineerTo>
<item key="D7B808A3-6B8C-7BE1-93DE-5C7EDF34B762" value="true"/>
</engineerTo>
<useDomainConstraints>false</useDomainConstraints>
<use>1</use>
<logicalDatatype>LOGDT024</logicalDatatype>
<ownDataTypeParameters>,,</ownDataTypeParameters>
</Attribute>
<Attribute name="telefono" id="3B00EB86-D393-25DB-E7A6-F43B38CA0252">
<createdBy>wdiazc</createdBy>
<createdTime>2025-09-08 00:06:48 UTC</createdTime>
<ownerDesignName>Exp3_S4_Grupo3</ownerDesignName>
<importedID>B618FD51-9131-FB12-5462-4F1159C232FD</importedID>
<engineerTo>
<item key="D7B808A3-6B8C-7BE1-93DE-5C7EDF34B762" value="true"/>
</engineerTo>
<useDomainConstraints>false</useDomainConstraints>
<use>1</use>
<logicalDatatype>LOGDT024</logicalDatatype>
<dataTypeSize>13</dataTypeSize>
<ownDataTypeParameters>13,,</ownDataTypeParameters>
</Attribute>
<Attribute name="sitio_web" id="32E955D0-6262-CA54-B343-B3AC8625A6E5">
<createdBy>wdiazc</createdBy>
<createdTime>2025-09-08 00:06:48 UTC</createdTime>
<ownerDesignName>Exp3_S4_Grupo3</ownerDesignName>
<importedID>16C23377-E8F5-E8C5-D9FE-51DE70371475</importedID>
<engineerTo>
<item key="D7B808A3-6B8C-7BE1-93DE-5C7EDF34B762" value="true"/>
</engineerTo>
<nullsAllowed>true</nullsAllowed>
<useDomainConstraints>false</useDomainConstraints>
<use>1</use>
<logicalDatatype>LOGDT024</logicalDatatype>
<ownDataTypeParameters>,,</ownDataTypeParameters>
</Attribute>
<Attribute name="rut" id="5DFB7698-E8F9-FA82-71C3-1B5EEA30980E">
<createdBy>wdiazc</createdBy>
<createdTime>2025-09-08 00:06:48 UTC</createdTime>
<ownerDesignName>Exp3_S4_Grupo3</ownerDesignName>
<importedID>76EEAE34-4D55-F5C7-EF3D-AB861269EDEA</importedID>
<engineerTo>
<item key="D7B808A3-6B8C-7BE1-93DE-5C7EDF34B762" value="true"/>
</engineerTo>
<nullsAllowed>true</nullsAllowed>
<useDomainConstraints>false</useDomainConstraints>
<use>1</use>
<logicalDatatype>LOGDT024</logicalDatatype>
<ownDataTypeParameters>,,</ownDataTypeParameters>
</Attribute>
<Attribute name="grado_academico" id="EAD28371-C33C-7FD1-2035-9F65E285718B">
<createdBy>wdiazc</createdBy>
<createdTime>2025-09-08 00:06:48 UTC</createdTime>
<ownerDesignName>Exp3_S4_Grupo3</ownerDesignName>
<importedID>ACC5E74E-0749-AEA6-A7AE-6426A18DF72D</importedID>
<engineerTo>
<item key="D7B808A3-6B8C-7BE1-93DE-5C7EDF34B762" value="true"/>
</engineerTo>
<useDomainConstraints>false</useDomainConstraints>
<use>1</use>
<logicalDatatype>LOGDT024</logicalDatatype>
<ownDataTypeParameters>,,</ownDataTypeParameters>
</Attribute>
<Attribute name="id_comuna" id="FFE8137B-0E54-DF99-4F18-BA1C111006BC">
<createdBy>wdiazc</createdBy>
<createdTime>2025-09-08 02:34:29 UTC</createdTime>
<generatorID>4209DBAE-C6E5-9994-1A28-5FAE8FC23C2F</generatorID>
<ownerDesignName>Exp3_S4_Grupo3</ownerDesignName>
<engineerTo>
<item key="D7B808A3-6B8C-7BE1-93DE-5C7EDF34B762" value="true"/>
</engineerTo>
<referedAttribute>5F33A28F-DE24-CAE7-037B-1D01BC79C110</referedAttribute>
<useDomainConstraints>false</useDomainConstraints>
<use>1</use>
<logicalDatatype>LOGDT019</logicalDatatype>
<dataTypePrecision>5</dataTypePrecision>
<ownDataTypeParameters>,,</ownDataTypeParameters>
</Attribute>
</attributes>
<identifiers itemClass="oracle.dbtools.crest.model.design.logical.CandidateKey">
<identifier id="925ED54F-7679-882E-F3DB-99B5E70A4DCB" name="POSTULANTE PK">
<createdBy>wdiazc</createdBy>
<createdTime>2025-09-08 00:06:48 UTC</createdTime>
<ownerDesignName>Exp3_S4_Grupo3</ownerDesignName>
<engineerTo>
<item key="D7B808A3-6B8C-7BE1-93DE-5C7EDF34B762" value="true"/>
</engineerTo>
<pk>true</pk>
<usedAttributes>
<attributeRef>CD808002-F673-AF3B-53C9-F79AE130DCE2</attributeRef>
</usedAttributes>
</identifier>
<identifier id="C8520D3E-9800-0495-3A0D-E7C2C70CD566" name="website">
<createdBy>wdiazc</createdBy>
<createdTime>2025-09-08 00:08:13 UTC</createdTime>
<ownerDesignName>Exp3_S4_Grupo3</ownerDesignName>
<engineerTo>
<item key="D7B808A3-6B8C-7BE1-93DE-5C7EDF34B762" value="true"/>
</engineerTo>
<newElementsIDs>32E955D0-6262-CA54-B343-B3AC8625A6E5</newElementsIDs>
<usedAttributes>
<attributeRef>32E955D0-6262-CA54-B343-B3AC8625A6E5</attributeRef>
</usedAttributes>
</identifier>
</identifiers>
</Entity>