<?xml version = '1.0' encoding = 'UTF-8'?>
<Entity class="oracle.dbtools.crest.model.design.logical.Entity" directorySegmentName="seg_0" id="DE1EEEB2-6A16-066F-65E6-12DA669BCEEC" name="EMPRESA">
<createdBy>wdiazc</createdBy>
<createdTime>2025-09-08 00:09:34 UTC</createdTime>
<ownerDesignName>Exp3_S4_Grupo3</ownerDesignName>
<engineerTo>
<item key="D7B808A3-6B8C-7BE1-93DE-5C7EDF34B762" value="true"/>
</engineerTo>
<adequatelyNormalized>NO</adequatelyNormalized>
<expectedVolumes>0</expectedVolumes>
<fwdEngineeringStrategyName>Single Table</fwdEngineeringStrategyName>
<growthPercent>0</growthPercent>
<growthType>Year</growthType>
<maxVolumes>9999999</maxVolumes>
<minVolumes>0</minVolumes>
<normalForm>Third</normalForm>
<attributes itemClass="oracle.dbtools.crest.model.design.logical.Attribute">
<Attribute name="codigo_empresa" id="42C7118A-916F-7267-3E1A-62026050EC4B">
<createdBy>wdiazc</createdBy>
<createdTime>2025-09-08 00:09:34 UTC</createdTime>
<ownerDesignName>Exp3_S4_Grupo3</ownerDesignName>
<importedID>1BD249F7-74FC-6F41-6071-5C8982F7FF28</importedID>
<engineerTo>
<item key="D7B808A3-6B8C-7BE1-93DE-5C7EDF34B762" value="true"/>
</engineerTo>
<useDomainConstraints>false</useDomainConstraints>
<use>1</use>
<logicalDatatype>LOGDT024</logicalDatatype>
<ownDataTypeParameters>,,</ownDataTypeParameters>
</Attribute>
<Attribute name="sigla" id="61E8AB96-3EEB-B0AB-5E6D-4FA32E88FD65">
<createdBy>wdiazc</createdBy>
<createdTime>2025-09-08 00:09:34 UTC</createdTime>
<ownerDesignName>Exp3_S4_Grupo3</ownerDesignName>
<importedID>80D32CC5-7C55-7DBE-3913-323057F145C5</importedID>
<engineerTo>
<item key="D7B808A3-6B8C-7BE1-93DE-5C7EDF34B762" value="true"/>
</engineerTo>
<useDomainConstraints>false</useDomainConstraints>
<use>1</use>
<logicalDatatype>LOGDT025</logicalDatatype>
<dataTypeSize>3</dataTypeSize>
<ownDataTypeParameters>3,,</ownDataTypeParameters>
</Attribute>
<Attribute name="nombre" id="05008E1E-B4C4-6E71-C097-73BAE6F6208C">
<createdBy>wdiazc</createdBy>
<createdTime>2025-09-08 00:09:34 UTC</createdTime>
<ownerDesignName>Exp3_S4_Grupo3</ownerDesignName>
<importedID>EEBDF1EA-864E-747F-1ED6-964B41DA90FB</importedID>
<engineerTo>
<item key="D7B808A3-6B8C-7BE1-93DE-5C7EDF34B762" value="true"/>
</engineerTo>
<useDomainConstraints>false</useDomainConstraints>
<use>1</use>
<logicalDatatype>LOGDT024</logicalDatatype>
<ownDataTypeParameters>,,</ownDataTypeParameters>
</Attribute>
<Attribute name="ciudad" id="7B75547C-7075-5610-3F64-C6AD4711327C">
<createdBy>wdiazc</createdBy>
<createdTime>2025-09-08 00:09:34 UTC</createdTime>
<ownerDesignName>Exp3_S4_Grupo3</ownerDesignName>
<importedID>91C43E56-EE32-39FE-F74D-BBEFCC7DC7D4</importedID>
<engineerTo>
<item key="D7B808A3-6B8C-7BE1-93DE-5C7EDF34B762" value="true"/>
</engineerTo>
<useDomainConstraints>false</useDomainConstraints>
<use>1</use>
<logicalDatatype>LOGDT024</logicalDatatype>
<ownDataTypeParameters>,,</ownDataTypeParameters>
</Attribute>
<Attribute name="pais" id="82F8C875-053C-DF31-3492-631B5B9BFB07">
<createdBy>wdiazc</createdBy>
<createdTime>2025-09-08 00:09:34 UTC</createdTime>
<ownerDesignName>Exp3_S4_Grupo3</ownerDesignName>
<importedID>4F009FAE-84E1-4293-78DA-CC37868D6263</importedID>
<engineerTo>
<item key="D7B808A3-6B8C-7BE1-93DE-5C7EDF34B762" value="true"/>
</engineerTo>
<useDomainConstraints>false</useDomainConstraints>
<use>1</use>
<logicalDatatype>LOGDT024</logicalDatatype>
<ownDataTypeParameters>,,</ownDataTypeParameters>
</Attribute>
<Attribute name="remuneracion_max_clp" id="ED4F8224-1FD6-E97A-613B-86059276E837">
<createdBy>wdiazc</createdBy>
<createdTime>2025-09-08 00:09:34 UTC</createdTime>
<ownerDesignName>Exp3_S4_Grupo3</ownerDesignName>
<importedID>881C22C8-8972-1564-AF8D-E520CC07A913</importedID>
<engineerTo>
<item key="D7B808A3-6B8C-7BE1-93DE-5C7EDF34B762" value="true"/>
</engineerTo>
<useDomainConstraints>false</useDomainConstraints>
<use>1</use>
<logicalDatatype>LOGDT019</logicalDatatype>
<ownDataTypeParameters>,,</ownDataTypeParameters>
</Attribute>
</attributes>
<identifiers itemClass="oracle.dbtools.crest.model.design.logical.CandidateKey">
<identifier id="AFD4A5C4-1C7E-1B77-53BD-574999F5F433" name="EMPRESA PK">
<createdBy>wdiazc</createdBy>
<createdTime>2025-09-08 00:09:34 UTC</createdTime>
<ownerDesignName>Exp3_S4_Grupo3</ownerDesignName>
<engineerTo>
<item key="D7B808A3-6B8C-7BE1-93DE-5C7EDF34B762" value="true"/>
</engineerTo>
<pk>true</pk>
<usedAttributes>
<attributeRef>42C7118A-916F-7267-3E1A-62026050EC4B</attributeRef>
</usedAttributes>
</identifier>
</identifiers>
</Entity>